{
  "1": "Palabra que habló el profeta Jeremías a Baruc hijo de Nerías, cuando escribía en el libro estas palabras de boca de Jeremías, en el año cuarto de Joacim hijo de Josías rey de Judá, diciendo:",
  "2": "Así ha dicho Jehová Dios de Israel a ti, oh Baruc:",
  "3": "Tú dijiste:  ¡Ay de mí ahora! porque ha añadido Jehová tristeza a mi dolor; fatigado estoy de gemir, y no he hallado descanso.",
  "4": "Así le dirás: Ha dicho Jehová: He aquí que yo destruyo a los que edifiqué, y arranco a los que planté, y a toda esta tierra.",
  "5": "¿Y tú buscas para ti grandezas? No las busques; porque he aquí que yo traigo mal sobre toda carne, ha dicho Jehová; pero a ti te daré tu vida por botín en todos los lugares adonde fueres."
}