{
  "1": "Oíd esta palabra que ha hablado Jehová contra vosotros, hijos de Israel, contra toda la familia que hice subir de la tierra de Egipto. Dice así:",
  "2": "A vosotros solamente he conocido de todas las familias de la tierra; por tanto, os castigaré por todas vuestras maldades.",
  "3": "¿Andarán dos juntos, si no estuvieren de acuerdo?",
  "4": "¿Rugirá el león en la selva sin haber presa?  ¿Dará el leoncillo su rugido desde su guarida, si no apresare?",
  "5": "¿Caerá el ave en lazo sobre la tierra, sin haber cazador?  ¿Se levantará el lazo de la tierra, si no ha atrapado algo?",
  "6": "¿Se tocará la trompeta en la ciudad, y no se alborotará el pueblo?  ¿Habrá algún mal en la ciudad, el cual Jehová no haya hecho?",
  "7": "Porque no hará nada Jehová el Señor, sin que revele su secreto a sus siervos los profetas.",
  "8": "Si el león ruge,  ¿quién no temerá? Si habla Jehová el Señor,  ¿quién no profetizará?",
  "9": "Proclamad en los palacios de Asdod, y en los palacios de la tierra de Egipto, y decid: Reuníos sobre los montes de Samaria, y ved las muchas opresiones en medio de ella, y las violencias cometidas en su medio.",
  "10": "No saben hacer lo recto, dice Jehová, atesorando rapiña y despojo en sus palacios.",
  "11": "Por tanto, Jehová el Señor ha dicho así: Un enemigo vendrá por todos lados de la tierra, y derribará tu fortaleza, y tus palacios serán saqueados.",
  "12": "Así ha dicho Jehová: De la manera que el pastor libra de la boca del león dos piernas, o la punta de una oreja, así escaparán los hijos de Israel que moran en Samaria en el rincón de una cama, y al lado de un lecho.",
  "13": "Oíd y testificad contra la casa de Jacob, ha dicho Jehová Dios de los ejércitos:",
  "14": "Que el día que castigue las rebeliones de Israel, castigaré también los altares de Bet-el; y serán cortados los cuernos del altar, y caerán a tierra.",
  "15": "Y heriré la casa de invierno con la casa de verano, y las casas de marfil perecerán; y muchas casas serán arruinadas, dice Jehová."
}