{
  "1": "Oíd esta palabra, vacas de Basán, que estáis en el monte de Samaria, que oprimís a los pobres y quebrantáis a los menesterosos, que decís a vuestros señores: Traed, y beberemos.",
  "2": "Jehová el Señor juró por su santidad: He aquí, vienen sobre vosotras días en que os llevarán con ganchos, y a vuestros descendientes con anzuelos de pescador;",
  "3": "y saldréis por las brechas una tras otra, y seréis echadas del palacio, dice Jehová.",
  "4": "Id a Bet-el, y prevaricad; aumentad en Gilgal la rebelión, y traed de mañana vuestros sacrificios, y vuestros diezmos cada tres días.",
  "5": "Y ofreced sacrificio de alabanza con pan leudado, y proclamad, publicad ofrendas voluntarias, pues que así lo queréis, hijos de Israel, dice Jehová el Señor.",
  "6": "Os hice estar a diente limpio en todas vuestras ciudades, y hubo falta de pan en todos vuestros pueblos; mas no os volvisteis a mí, dice Jehová.",
  "7": "También os detuve la lluvia tres meses antes de la siega; e hice llover sobre una ciudad, y sobre otra ciudad no hice llover; sobre una parte llovió, y la parte sobre la cual no llovió, se secó.",
  "8": "Y venían dos o tres ciudades a una ciudad para beber agua, y no se saciaban; con todo, no os volvisteis a mí, dice Jehová.",
  "9": "Os herí con viento solano y con oruga; la langosta devoró vuestros muchos huertos y vuestras viñas, y vuestros higuerales y vuestros olivares; pero nunca os volvisteis a mí, dice Jehová.",
  "10": "Envié contra vosotros mortandad tal como en Egipto; maté a espada a vuestros jóvenes, con cautiverio de vuestros caballos, e hice subir el hedor de vuestros campamentos hasta vuestras narices; mas no os volvisteis a mí, dice Jehová.",
  "11": "Os trastorné como cuando Dios trastornó a Sodoma y a Gomorra, y fuisteis como tizón escapado del fuego; mas no os volvisteis a mí, dice Jehová.",
  "12": "Por tanto, de esta manera te haré a ti, oh Israel; y porque te he de hacer esto, prepárate para venir al encuentro de tu Dios, oh Israel.",
  "13": "Porque he aquí, el que forma los montes, y crea el viento, y anuncia al hombre su pensamiento; el que hace de las tinieblas mañana, y pasa sobre las alturas de la tierra; Jehová Dios de los ejércitos es su nombre."
}