{
  "1": "Los hijos de Leví: Gersón, Coat y Merari.",
  "2": "Los hijos de Coat: Amram, Izhar, Hebrón y Uziel.",
  "3": "Los hijos de Amram: Aarón, Moisés y María. Los hijos de Aarón: Nadab, Abiú, Eleazar e Itamar.",
  "4": "Eleazar engendró a Finees, Finees engendró a Abisúa,",
  "5": "Abisúa engendró a Buqui, Buqui engendró a Uzi,",
  "6": "Uzi engendró a Zeraías, Zeraías engendró a Meraiot,",
  "7": "Meraiot engendró a Amarías, Amarías engendró a Ahitob,",
  "8": "Ahitob engendró a Sadoc, Sadoc engendró a Ahimaas,",
  "9": "Ahimaas engendró a Azarías, Azarías engendró a Johanán,",
  "10": "y Johanán engendró a Azarías, el que tuvo el sacerdocio en la casa que Salomón edificó en Jerusalén.",
  "11": "Azarías engendró a Amarías, Amarías engendró a Ahitob,",
  "12": "Ahitob engendró a Sadoc, Sadoc engendró a Salum,",
  "13": "Salum engendró a Hilcías, Hilcías engendró a Azarías,",
  "14": "Azarías engendró a Seraías, y Seraías engendró a Josadac,",
  "15": "y Josadac fue llevado cautivo cuando Jehová transportó a Judá y a Jerusalén por mano de Nabucodonosor.",
  "16": "Los hijos de Leví: Gersón, Coat y Merari.",
  "17": "Y estos son los nombres de los hijos de Gersón: Libni y Simei.",
  "18": "Los hijos de Coat: Amram, Izhar, Hebrón y Uziel.",
  "19": "Los hijos de Merari: Mahli y Musi. Estas son las familias de Leví, según sus descendencias.",
  "20": "Gersón: Libni su hijo, Jahat su hijo, Zima su hijo,",
  "21": "Joa su hijo, Iddo su hijo, Zera su hijo, Jeatrai su hijo.",
  "22": "Los hijos de Coat: Aminadab su hijo, Coré su hijo, Asir su hijo,",
  "23": "Elcana su hijo, Ebiasaf su hijo, Asir su hijo,",
  "24": "Tahat su hijo, Uriel su hijo, Uzías su hijo, y Saúl su hijo.",
  "25": "Los hijos de Elcana: Amasai y Ahimot;",
  "26": "Elcana su hijo, Zofai su hijo, Nahat su hijo.",
  "27": "Eliab su hijo, Jeroham su hijo, Elcana su hijo.",
  "28": "Los hijos de Samuel: el primogénito Vasni, y Abías.",
  "29": "Los hijos de Merari: Mahli, Libni su hijo, Simei su hijo, Uza su hijo,",
  "30": "Simea su hijo, Haguía su hijo, Asaías su hijo.",
  "31": "Estos son los que David puso sobre el servicio de canto en la casa de Jehová, después que el arca tuvo reposo,",
  "32": "los cuales servían delante de la tienda del tabernáculo de reunión en el canto, hasta que Salomón edificó la casa de Jehová en Jerusalén; después estuvieron en su ministerio según su costumbre.",
  "33": "Estos, pues, con sus hijos, ayudaban: de los hijos de Coat, el cantor Hemán hijo de Joel, hijo de Samuel,",
  "34": "hijo de Elcana, hijo de Jeroham, hijo de Eliel, hijo de Toa,",
  "35": "hijo de Zuf, hijo de Elcana, hijo de Mahat, hijo de Amasai,",
  "36": "hijo de Elcana, hijo de Joel, hijo de Azarías, hijo de Sofonías,",
  "37": "hijo de Tahat, hijo de Asir, hijo de Ebiasaf, hijo de Coré,",
  "38": "hijo de Izhar, hijo de Coat, hijo de Leví, hijo de Israel;",
  "39": "y su hermano Asaf, el cual estaba a su mano derecha; Asaf, hijo de Berequías, hijo de Simea,",
  "40": "hijo de Micael, hijo de Baasías, hijo de Malquías,",
  "41": "hijo de Etni, hijo de Zera, hijo de Adaía,",
  "42": "hijo de Etán, hijo de Zima, hijo de Simei,",
  "43": "hijo de Jahat, hijo de Gersón, hijo de Leví.",
  "44": "Pero a la mano izquierda estaban sus hermanos los hijos de Merari, esto es, Etán hijo de Quisi, hijo de Abdi, hijo de Maluc,",
  "45": "hijo de Hasabías, hijo de Amasías, hijo de Hilcías,",
  "46": "hijo de Amsi, hijo de Bani, hijo de Semer,",
  "47": "hijo de Mahli, hijo de Musi, hijo de Merari, hijo de Leví.",
  "48": "Y sus hermanos los levitas fueron puestos sobre todo el ministerio del tabernáculo de la casa de Dios.",
  "49": "Mas Aarón y sus hijos ofrecían sacrificios sobre el altar del holocausto, y sobre el altar del perfume quemaban incienso, y ministraban en toda la obra del lugar santísimo, y hacían las expiaciones por Israel conforme a todo lo que Moisés siervo de Dios había mandado.",
  "50": "Los hijos de Aarón son estos: Eleazar su hijo, Finees su hijo, Abisúa su hijo,",
  "51": "Buqui su hijo, Uzi su hijo, Zeraías su hijo,",
  "52": "Meraiot su hijo, Amarías su hijo, Ahitob su hijo,",
  "53": "Sadoc su hijo, Ahimaas su hijo.",
  "54": "Estas son sus habitaciones, conforme a sus domicilios y sus términos, las de los hijos de Aarón por las familias de los coatitas, porque a ellos les tocó en suerte.",
  "55": "Les dieron, pues, Hebrón en tierra de Judá, y sus ejidos alrededor de ella.",
  "56": "Pero el territorio de la ciudad y sus aldeas se dieron a Caleb, hijo de Jefone.",
  "57": "De Judá dieron a los hijos de Aarón la ciudad de refugio, esto es, Hebrón; además, Libna con sus ejidos, Jatir, Estemoa con sus ejidos,",
  "58": "Hilén con sus ejidos, Debir con sus ejidos,",
  "59": "Asán con sus ejidos y Bet-semes con sus ejidos.",
  "60": "Y de la tribu de Benjamín, Geba con sus ejidos, Alemet con sus ejidos y Anatot con sus ejidos. Todas sus ciudades fueron trece ciudades, repartidas por sus linajes.",
  "61": "A los hijos de Coat que quedaron de su parentela, dieron por suerte diez ciudades de la media tribu de Manasés.",
  "62": "A los hijos de Gersón, por sus linajes, dieron de la tribu de Isacar, de la tribu de Aser, de la tribu de Neftalí y de la tribu de Manasés en Basán, trece ciudades.",
  "63": "Y a los hijos de Merari, por sus linajes, de la tribu de Rubén, de la tribu de Gad y de la tribu de Zabulón, dieron por suerte doce ciudades.",
  "64": "Y los hijos de Israel dieron a los levitas ciudades con sus ejidos.",
  "65": "Dieron por suerte de la tribu de los hijos de Judá, de la tribu de los hijos de Simeón y de la tribu de los hijos de Benjamín, las ciudades que nombraron por sus nombres.",
  "66": "A las familias de los hijos de Coat dieron ciudades con sus ejidos de la tribu de Efraín.",
  "67": "Les dieron la ciudad de refugio, Siquem con sus ejidos en el monte de Efraín; además, Gezer con sus ejidos,",
  "68": "Jocmeam con sus ejidos, Bet-horón con sus ejidos,",
  "69": "Ajalón con sus ejidos y Gat-rimón con sus ejidos.",
  "70": "De la media tribu de Manasés, Aner con sus ejidos y Bileam con sus ejidos, para los de las familias de los hijos de Coat que habían quedado.",
  "71": "A los hijos de Gersón dieron de la media tribu de Manasés, Golán en Basán con sus ejidos y Astarot con sus ejidos.",
  "72": "De la tribu de Isacar, Cedes con sus ejidos, Daberat con sus ejidos,",
  "73": "Ramot con sus ejidos y Anem con sus ejidos.",
  "74": "De la tribu de Aser, Masal con sus ejidos, Abdón con sus ejidos,",
  "75": "Hucoc con sus ejidos y Rehob con sus ejidos.",
  "76": "De la tribu de Neftalí, Cedes en Galilea con sus ejidos, Hamón con sus ejidos y Quiriataim con sus ejidos.",
  "77": "A los hijos de Merari que habían quedado, dieron de la tribu de Zabulón, Rimón con sus ejidos y Tabor con sus ejidos.",
  "78": "Del otro lado del Jordán frente a Jericó, al oriente del Jordán, dieron de la tribu de Rubén, Beser en el desierto con sus ejidos, Jaza con sus ejidos,",
  "79": "Cademot con sus ejidos y Mefaat con sus ejidos.",
  "80": "Y de la tribu de Gad, Ramot de Galaad con sus ejidos, Mahanaim con sus ejidos,",
  "81": "Hesbón con sus ejidos y Jazer con sus ejidos."
}