{
  "1": "Aconteció que cuando Moisés hubo acabado de levantar el tabernáculo, y lo hubo ungido y santificado, con todos sus utensilios, y asimismo ungido y santificado el altar y todos sus utensilios,",
  "2": "entonces los príncipes de Israel, los jefes de las casas de sus padres, los cuales eran los príncipes de las tribus, que estaban sobre los contados, ofrecieron;",
  "3": "y trajeron sus ofrendas delante de Jehová, seis carros cubiertos y doce bueyes; por cada dos príncipes un carro, y cada uno un buey, y los ofrecieron delante del tabernáculo.",
  "4": "Y Jehová habló a Moisés, diciendo:",
  "5": "Tómalos de ellos, y serán para el servicio del tabernáculo de reunión; y los darás a los levitas, a cada uno conforme a su ministerio.",
  "6": "Entonces Moisés recibió los carros y los bueyes, y los dio a los levitas.",
  "7": "Dos carros y cuatro bueyes dio a los hijos de Gersón, conforme a su ministerio,",
  "8": "y a los hijos de Merari dio cuatro carros y ocho bueyes, conforme a su ministerio bajo la mano de Itamar hijo del sacerdote Aarón.",
  "9": "Pero a los hijos de Coat no les dio, porque llevaban sobre sí en los hombros el servicio del santuario.",
  "10": "Y los príncipes trajeron ofrendas para la dedicación del altar el día en que fue ungido, ofreciendo los príncipes su ofrenda delante del altar.",
  "11": "Y Jehová dijo a Moisés: Ofrecerán su ofrenda, un príncipe un día, y otro príncipe otro día, para la dedicación del altar.",
  "12": "Y el que ofreció su ofrenda el primer día fue Naasón hijo de Aminadab, de la tribu de Judá.",
  "13": "Su ofrenda fue un plato de plata de ciento treinta siclos de peso, y un jarro de plata de setenta siclos, al siclo del santuario, ambos llenos de flor de harina amasada con aceite para ofrenda;",
  "14": "una cuchara de oro de diez siclos, llena de incienso;",
  "15": "un becerro, un carnero, un cordero de un año para holocausto;",
  "16": "un macho cabrío para expiación;",
  "17": "y para ofrenda de paz, dos bueyes, cinco carneros, cinco machos cabríos y cinco corderos de un año. Esta fue la ofrenda de Naasón hijo de Aminadab.",
  "18": "El segundo día ofreció Natanael hijo de Zuar, príncipe de Isacar.",
  "19": "Ofreció como su ofrenda un plato de plata de ciento treinta siclos de peso, y un jarro de plata de setenta siclos, al siclo del santuario, ambos llenos de flor de harina amasada con aceite para ofrenda;",
  "20": "una cuchara de oro de diez siclos, llena de incienso;",
  "21": "un becerro, un carnero, un cordero de un año para holocausto;",
  "22": "un macho cabrío para expiación;",
  "23": "y para ofrenda de paz, dos bueyes, cinco carneros, cinco machos cabríos y cinco corderos de un año. Esta fue la ofrenda de Natanael hijo de Zuar.",
  "24": "El tercer día, Eliab hijo de Helón, príncipe de los hijos de Zabulón.",
  "25": "Y su ofrenda fue un plato de plata de ciento treinta siclos de peso, y un jarro de plata de setenta siclos, al siclo del santuario, ambos llenos de flor de harina amasada con aceite para ofrenda;",
  "26": "una cuchara de oro de diez siclos, llena de incienso;",
  "27": "un becerro, un carnero, un cordero de un año para holocausto;",
  "28": "un macho cabrío para expiación;",
  "29": "y para ofrenda de paz, dos bueyes, cinco carneros, cinco machos cabríos y cinco corderos de un año. Esta fue la ofrenda de Eliab hijo de Helón.",
  "30": "El cuarto día, Elisur hijo de Sedeur, príncipe de los hijos de Rubén.",
  "31": "Y su ofrenda fue un plato de plata de ciento treinta siclos de peso, y un jarro de plata de setenta siclos, al siclo del santuario, ambos llenos de flor de harina amasada con aceite para ofrenda;",
  "32": "una cuchara de oro de diez siclos, llena de incienso;",
  "33": "un becerro, un carnero, un cordero de un año para holocausto;",
  "34": "un macho cabrío para expiación;",
  "35": "y para ofrenda de paz, dos bueyes, cinco carneros, cinco machos cabríos y cinco corderos de un año. Esta fue la ofrenda de Elisur hijo de Sedeur.",
  "36": "El quinto día, Selumiel hijo de Zurisadai, príncipe de los hijos de Simeón.",
  "37": "Y su ofrenda fue un plato de plata de ciento treinta siclos de peso, y un jarro de plata de setenta siclos, al siclo del santuario, ambos llenos de flor de harina amasada con aceite para ofrenda;",
  "38": "una cuchara de oro de diez siclos, llena de incienso;",
  "39": "un becerro, un carnero, un cordero de un año para holocausto;",
  "40": "un macho cabrío para expiación;",
  "41": "y para ofrenda de paz, dos bueyes, cinco carneros, cinco machos cabríos y cinco corderos de un año. Esta fue la ofrenda de Selumiel hijo de Zurisadai.",
  "42": "El sexto día, Eliasaf hijo de Deuel, príncipe de los hijos de Gad.",
  "43": "Y su ofrenda fue un plato de plata de ciento treinta siclos de peso, y un jarro de plata de setenta siclos, al siclo del santuario, ambos llenos de flor de harina amasada con aceite para ofrenda;",
  "44": "una cuchara de oro de diez siclos, llena de incienso;",
  "45": "un becerro, un carnero, un cordero de un año para holocausto;",
  "46": "un macho cabrío para expiación;",
  "47": "y para ofrenda de paz, dos bueyes, cinco carneros, cinco machos cabríos y cinco corderos de un año. Esta fue la ofrenda de Eliasaf hijo de Deuel.",
  "48": "El séptimo día, el príncipe de los hijos de Efraín, Elisama hijo de Amiud.",
  "49": "Y su ofrenda fue un plato de plata de ciento treinta siclos de peso, y un jarro de plata de setenta siclos, al siclo del santuario, ambos llenos de flor de harina amasada con aceite para ofrenda;",
  "50": "una cuchara de oro de diez siclos, llena de incienso;",
  "51": "un becerro, un carnero, un cordero de un año para holocausto;",
  "52": "un macho cabrío para expiación;",
  "53": "y para ofrenda de paz, dos bueyes, cinco carneros, cinco machos cabríos y cinco corderos de un año. Esta fue la ofrenda de Elisama hijo de Amiud.",
  "54": "El octavo día, el príncipe de los hijos de Manasés, Gamaliel hijo de Pedasur.",
  "55": "Y su ofrenda fue un plato de plata de ciento treinta siclos  de peso, y un jarro de plata de setenta siclos, al siclo del santuario, ambos llenos de flor de harina amasada con aceite para ofrenda;",
  "56": "una cuchara de oro de diez siclos, llena de incienso;",
  "57": "un becerro, un carnero, un cordero de un año para holocausto;",
  "58": "un macho cabrío para expiación;",
  "59": "y para ofrenda de paz, dos bueyes, cinco carneros, cinco machos cabríos y cinco corderos de un año. Esta fue la ofrenda de Gamaliel hijo de Pedasur.",
  "60": "El noveno día, el príncipe de los hijos de Benjamín, Abidán hijo de Gedeoni.",
  "61": "Y su ofrenda fue un plato de plata de ciento treinta siclos de peso, y un jarro de plata de setenta siclos, al siclo del santuario, ambos llenos de flor de harina amasada con aceite para ofrenda;",
  "62": "una cuchara de oro de diez siclos, llena de incienso;",
  "63": "un becerro, un carnero, un cordero de un año para holocausto;",
  "64": "un macho cabrío para expiación;",
  "65": "y para ofrenda de paz, dos bueyes, cinco carneros, cinco machos cabríos y cinco corderos de un año. Esta fue la ofrenda de Abidán hijo de Gedeoni.",
  "66": "El décimo día, el príncipe de los hijos de Dan, Ahiezer hijo de Amisadai.",
  "67": "Y su ofrenda fue un plato de plata de ciento treinta siclos de peso, y un jarro de plata de setenta siclos, al siclo del santuario, ambos llenos de flor de harina amasada con aceite para ofrenda;",
  "68": "una cuchara de oro de diez siclos, llena de incienso;",
  "69": "un becerro, un carnero, un cordero de un año para holocausto;",
  "70": "un macho cabrío para expiación;",
  "71": "y para ofrenda de paz, dos bueyes, cinco carneros, cinco machos cabríos y cinco corderos de un año. Esta fue la ofrenda de Ahiezer hijo de Amisadai.",
  "72": "El undécimo día, el príncipe de los hijos de Aser, Pagiel hijo de Ocrán.",
  "73": "Y su ofrenda fue un plato de plata de ciento treinta siclos de peso, y un jarro de plata de setenta siclos, al siclo del santuario, ambos llenos de flor de harina amasada con aceite para ofrenda;",
  "74": "una cuchara de oro de diez siclos, llena de incienso;",
  "75": "un becerro, un carnero, un cordero de un año para holocausto;",
  "76": "un macho cabrío para expiación;",
  "77": "y para ofrenda de paz, dos bueyes, cinco carneros, cinco machos cabríos y cinco corderos de un año. Esta fue la ofrenda de Pagiel hijo de Ocrán.",
  "78": "El duodécimo día, el príncipe de los hijos de Neftalí, Ahira hijo de Enán.",
  "79": "Su ofrenda fue un plato de plata de ciento treinta siclos de peso, y un jarro de plata de setenta siclos, al siclo del santuario, ambos llenos de flor de harina amasada con aceite para ofrenda;",
  "80": "una cuchara de oro de diez siclos, llena de incienso;",
  "81": "un becerro, un carnero, un cordero de un año para holocausto;",
  "82": "un macho cabrío para expiación;",
  "83": "y para ofrenda de paz, dos bueyes, cinco carneros, cinco machos cabríos y cinco corderos de un año. Esta fue la ofrenda de Ahira hijo de Enán.",
  "84": "Esta fue la ofrenda que los príncipes de Israel ofrecieron para la dedicación del altar, el día en que fue ungido: doce platos de plata, doce jarros de plata, doce cucharas de oro.",
  "85": "Cada plato de ciento treinta siclos, y cada jarro de setenta; toda la plata de la vajilla, dos mil cuatrocientos siclos, al siclo del santuario.",
  "86": "Las doce cucharas de oro llenas de incienso, de diez siclos  cada cuchara, al siclo del santuario; todo el oro de las cucharas, ciento veinte siclos.",
  "87": "Todos los bueyes para holocausto, doce becerros; doce los carneros, doce los corderos de un año, con su ofrenda, y doce los machos cabríos para expiación.",
  "88": "Y todos los bueyes de la ofrenda de paz, veinticuatro novillos, sesenta los carneros, sesenta los machos cabríos, y sesenta los corderos de un año. Esta fue la ofrenda para la dedicación del altar, después que fue ungido.",
  "89": "Y cuando entraba Moisés en el tabernáculo de reunión, para hablar con Dios, oía la voz que le hablaba de encima del propiciatorio que estaba sobre el arca del testimonio, de entre los dos querubines; y hablaba con él."
}