{
  "1": "Jehová habló a Moisés, diciendo:",
  "2": "Hazte dos trompetas de plata; de obra de martillo las harás, las cuales te servirán para convocar la congregación, y para hacer mover los campamentos.",
  "3": "Y cuando las tocaren, toda la congregación se reunirá ante ti a la puerta del tabernáculo de reunión.",
  "4": "Mas cuando tocaren sólo una, entonces se congregarán ante ti los príncipes, los jefes de los millares de Israel.",
  "5": "Y cuando tocareis alarma, entonces moverán los campamentos de los que están acampados al oriente.",
  "6": "Y cuando tocareis alarma la segunda vez, entonces moverán los campamentos de los que están acampados al sur; alarma tocarán para sus partidas.",
  "7": "Pero para reunir la congregación tocaréis, mas no con sonido de alarma.",
  "8": "Y los hijos de Aarón, los sacerdotes, tocarán las trompetas; y las tendréis por estatuto perpetuo por vuestras generaciones.",
  "9": "Y cuando saliereis a la guerra en vuestra tierra contra el enemigo que os molestare, tocaréis alarma con las trompetas; y seréis recordados por Jehová vuestro Dios, y seréis salvos de vuestros enemigos.",
  "10": "Y en el día de vuestra alegría, y en vuestras solemnidades, y en los principios de vuestros meses, tocaréis las trompetas sobre vuestros holocaustos, y sobre los sacrificios de paz, y os serán por memoria delante de vuestro Dios. Yo Jehová vuestro Dios.",
  "11": "En el año segundo, en el mes segundo, a los veinte días del mes, la nube se alzó del tabernáculo del testimonio.",
  "12": "Y partieron los hijos de Israel del desierto de Sinaí según el orden de marcha; y se detuvo la nube en el desierto de Parán.",
  "13": "Partieron la primera vez al mandato de Jehová por medio de Moisés.",
  "14": "La bandera del campamento de los hijos de Judá comenzó a marchar primero, por sus ejércitos; y Naasón hijo de Aminadab estaba sobre su cuerpo de ejército.",
  "15": "Sobre el cuerpo de ejército de la tribu de los hijos de Isacar, Natanael hijo de Zuar.",
  "16": "Y sobre el cuerpo de ejército de la tribu de los hijos de Zabulón, Eliab hijo de Helón.",
  "17": "Después que estaba ya desarmado el tabernáculo, se movieron los hijos de Gersón y los hijos de Merari, que lo llevaban.",
  "18": "Luego comenzó a marchar la bandera del campamento de Rubén por sus ejércitos; y Elisur hijo de Sedeur estaba sobre su cuerpo de ejército.",
  "19": "Sobre el cuerpo de ejército de la tribu de los hijos de Simeón, Selumiel hijo de Zurisadai.",
  "20": "Y sobre el cuerpo de ejército de la tribu de los hijos de Gad, Eliasaf hijo de Deuel.",
  "21": "Luego comenzaron a marchar los coatitas llevando el santuario; y entretanto que ellos llegaban, los otros acondicionaron el tabernáculo.",
  "22": "Después comenzó a marchar la bandera del campamento de los hijos de Efraín por sus ejércitos; y Elisama hijo de Amiud estaba sobre su cuerpo de ejército.",
  "23": "Sobre el cuerpo de ejército de la tribu de los hijos de Manasés, Gamaliel hijo de Pedasur.",
  "24": "Y sobre el cuerpo de ejército de la tribu de los hijos de Benjamín, Abidán hijo de Gedeoni.",
  "25": "Luego comenzó a marchar la bandera del campamento de los hijos de Dan por sus ejércitos, a retaguardia de todos los campamentos; y Ahiezer hijo de Amisadai estaba sobre su cuerpo de ejército.",
  "26": "Sobre el cuerpo de ejército de la tribu de los hijos de Aser, Pagiel hijo de Ocrán.",
  "27": "Y sobre el cuerpo de ejército de la tribu de los hijos de Neftalí, Ahira hijo de Enán.",
  "28": "Este era el orden de marcha de los hijos de Israel por sus ejércitos cuando partían.",
  "29": "Entonces dijo Moisés a Hobab, hijo de Ragüel madianita, su suegro: Nosotros partimos para el lugar del cual Jehová ha dicho: Yo os lo daré. Ven con nosotros, y te haremos bien; porque Jehová ha prometido el bien a Israel.",
  "30": "Y él le respondió: Yo no iré, sino que me marcharé a mi tierra y a mi parentela.",
  "31": "Y él le dijo: Te ruego que no nos dejes; porque tú conoces los lugares donde hemos de acampar en el desierto, y nos serás en lugar de ojos.",
  "32": "Y si vienes con nosotros, cuando tengamos el bien que Jehová nos ha de hacer, nosotros te haremos bien.",
  "33": "Así partieron del monte de Jehová camino de tres días; y el arca del pacto de Jehová fue delante de ellos camino de tres días, buscándoles lugar de descanso.",
  "34": "Y la nube de Jehová iba sobre ellos de día, desde que salieron del campamento.",
  "35": "Cuando el arca se movía, Moisés decía: Levántate, oh Jehová, y sean dispersados tus enemigos, y huyan de tu presencia los que te aborrecen.",
  "36": "Y cuando ella se detenía, decía: Vuelve, oh Jehová, a los millares de millares de Israel."
}