{
  "1": "Entonces oró Jonás a Jehová su Dios desde el vientre del pez,",
  "2": "y dijo: Invoqué en mi angustia a Jehová, y él me oyó; Desde el seno del Seol clamé, Y mi voz oíste.",
  "3": "Me echaste a lo profundo, en medio de los mares, Y me rodeó la corriente; Todas tus ondas y tus olas pasaron sobre mí.",
  "4": "Entonces dije: Desechado soy de delante de tus ojos; Mas aún veré tu santo templo.",
  "5": "Las aguas me rodearon hasta el alma, Rodeóme el abismo; El alga se enredó a mi cabeza.",
  "6": "Descendí a los cimientos de los montes; La tierra echó sus cerrojos sobre mí para siempre; Mas tú sacaste mi vida de la sepultura, oh Jehová Dios mío.",
  "7": "Cuando mi alma desfallecía en mí, me acordé de Jehová, Y mi oración llegó hasta ti en tu santo templo.",
  "8": "Los que siguen vanidades ilusorias, Su misericordia abandonan.",
  "9": "Mas yo con voz de alabanza te ofreceré sacrificios; Pagaré lo que prometí. La salvación es de Jehová.",
  "10": "Y mandó Jehová al pez, y vomitó a Jonás en tierra."
}