{
  "1": "En aquel día dirás: Cantaré a ti, oh Jehová; pues aunque te enojaste contra mí, tu indignación se apartó, y me has consolado.",
  "2": "He aquí Dios es salvación mía; me aseguraré y no temeré; porque mi fortaleza y mi canción es JAH Jehová, quien ha sido salvación para mí.",
  "3": "Sacaréis con gozo aguas de las fuentes de la salvación.",
  "4": "Y diréis en aquel día: Cantad a Jehová, aclamad su nombre, haced célebres en los pueblos sus obras, recordad que su nombre es engrandecido.",
  "5": "Cantad salmos a Jehová, porque ha hecho cosas magníficas; sea sabido esto por toda la tierra.",
  "6": "Regocíjate y canta, oh moradora de Sion; porque grande es en medio de ti el Santo de Israel."
}