{
  "1": "Profecía sobre Babilonia, revelada a Isaías hijo de Amoz.",
  "2": "Levantad bandera sobre un alto monte; alzad la voz a ellos, alzad la mano, para que entren por puertas de príncipes.",
  "3": "Yo mandé a mis consagrados, asimismo llamé a mis valientes para mi ira, a los que se alegran con mi gloria.",
  "4": "Estruendo de multitud en los montes, como de mucho pueblo; estruendo de ruido de reinos, de naciones reunidas; Jehová de los ejércitos pasa revista a las tropas para la batalla.",
  "5": "Vienen de lejana tierra, de lo postrero de los cielos, Jehová y los instrumentos de su ira, para destruir toda la tierra.",
  "6": "Aullad, porque cerca está el día de Jehová; vendrá como asolamiento del Todopoderoso.",
  "7": "Por tanto, toda mano se debilitará, y desfallecerá todo corazón de hombre,",
  "8": "y se llenarán de terror; angustias y dolores se apoderarán de ellos; tendrán dolores como mujer de parto; se asombrará cada cual al mirar a su compañero; sus rostros, rostros de llamas.",
  "9": "He aquí el día de Jehová viene, terrible, y de indignación y ardor de ira, para convertir la tierra en soledad, y raer de ella a sus pecadores.",
  "10": "Por lo cual las estrellas de los cielos y sus luceros no darán su luz; y el sol se oscurecerá al nacer, y la luna no dará su resplandor.",
  "11": "Y castigaré al mundo por su maldad, y a los impíos por su iniquidad; y haré que cese la arrogancia de los soberbios, y abatiré la altivez de los fuertes.",
  "12": "Haré más precioso que el oro fino al varón, y más que el oro de Ofir al hombre.",
  "13": "Porque haré estremecer los cielos, y la tierra se moverá de su lugar, en la indignación de Jehová de los ejércitos, y en el día del ardor de su ira.",
  "14": "Y como gacela perseguida, y como oveja sin pastor, cada cual mirará hacia su pueblo, y cada uno huirá a su tierra.",
  "15": "Cualquiera que sea hallado será alanceado; y cualquiera que por ellos sea tomado, caerá a espada.",
  "16": "Sus niños serán estrellados delante de ellos; sus casas serán saqueadas, y violadas sus mujeres.",
  "17": "He aquí que yo despierto contra ellos a los medos, que no se ocuparán de la plata, ni codiciarán oro.",
  "18": "Con arco tirarán a los niños, y no tendrán misericordia del fruto del vientre, ni su ojo perdonará a los hijos.",
  "19": "Y Babilonia, hermosura de reinos y ornamento de la grandeza de los caldeos, será como Sodoma y Gomorra, a las que trastornó Dios",
  "20": "Nunca más será habitada, ni se morará en ella de generación en generación; ni levantará allí tienda el árabe, ni pastores tendrán allí majada;",
  "21": "sino que dormirán allí las fieras del desierto, y sus casas se llenarán de hurones; allí habitarán avestruces, y allí saltarán las cabras salvajes.",
  "22": "En sus palacios aullarán hienas, y chacales en sus casas de deleite; y cercano a llegar está su tiempo, y sus días no se alargarán."
}