{
  "1": "Profecía sobre Egipto. He aquí que Jehová monta sobre una ligera nube, y entrará en Egipto; y los ídolos de Egipto temblarán delante de él, y desfallecerá el corazón de los egipcios dentro de ellos.",
  "2": "Levantaré egipcios contra egipcios, y cada uno peleará contra su hermano, cada uno contra su prójimo; ciudad contra ciudad, y reino contra reino.",
  "3": "Y el espíritu de Egipto se desvanecerá en medio de él, y destruiré su consejo; y preguntarán a sus imágenes, a sus hechiceros, a sus evocadores y a sus adivinos.",
  "4": "Y entregaré a Egipto en manos de señor duro, y rey violento se enseñoreará de ellos, dice el Señor, Jehová de los ejércitos.",
  "5": "Y las aguas del mar faltarán, y el río se agotará y secará.",
  "6": "Y se alejarán los ríos, se agotarán y secarán las corrientes de los fosos; la caña y el carrizo serán cortados.",
  "7": "La pradera de junto al río, de junto a la ribera del río, y toda sementera del río, se secarán, se perderán, y no serán más.",
  "8": "Los pescadores también se entristecerán; harán duelo todos los que echan anzuelo en el río, y desfallecerán los que extienden red sobre las aguas.",
  "9": "Los que labran lino fino y los que tejen redes serán confundidos,",
  "10": "porque todas sus redes serán rotas; y se entristecerán todos los que hacen viveros para peces.",
  "11": "Ciertamente son necios los príncipes de Zoán; el consejo de los prudentes consejeros de Faraón se ha desvanecido.  ¿Cómo diréis a Faraón: Yo soy hijo de los sabios, e hijo de los reyes antiguos?",
  "12": "¿Dónde están ahora aquellos tus sabios? Que te digan ahora, o te hagan saber qué es lo que Jehová de los ejércitos ha determinado sobre Egipto.",
  "13": "Se han desvanecido los príncipes de Zoán, se han engañado los príncipes de Menfis; engañaron a Egipto los que son la piedra angular de sus familias.",
  "14": "Jehová mezcló espíritu de vértigo en medio de él; e hicieron errar a Egipto en toda su obra, como tambalea el ebrio en su vómito.",
  "15": "Y no aprovechará a Egipto cosa que haga la cabeza o la cola, la rama o el junco.",
  "16": "En aquel día los egipcios serán como mujeres; porque se asombrarán y temerán en la presencia de la mano alta de Jehová de los ejércitos, que él levantará contra ellos.",
  "17": "Y la tierra de Judá será de espanto a Egipto; todo hombre que de ella se acordare temerá por causa del consejo que Jehová de los ejércitos acordó sobre aquél.",
  "18": "En aquel tiempo habrá cinco ciudades en la tierra de Egipto que hablen la lengua de Canaán, y que juren por Jehová de los ejércitos; una será llamada la ciudad de Herez.",
  "19": "En aquel tiempo habrá altar para Jehová en medio de la tierra de Egipto, y monumento a Jehová junto a su frontera.",
  "20": "Y será por señal y por testimonio a Jehová de los ejércitos en la tierra de Egipto; porque clamarán a Jehová a causa de sus opresores, y él les enviará salvador y príncipe que los libre.",
  "21": "Y Jehová será conocido de Egipto, y los de Egipto conocerán a Jehová en aquel día, y harán sacrificio y oblación; y harán votos a Jehová, y los cumplirán.",
  "22": "Y herirá Jehová a Egipto; herirá y sanará, y se convertirán a Jehová, y les será clemente y los sanará.",
  "23": "En aquel tiempo habrá una calzada de Egipto a Asiria, y asirios entrarán en Egipto, y egipcios en Asiria; y los egipcios servirán con los asirios a Jehová.",
  "24": "En aquel tiempo Israel será tercero con Egipto y con Asiria para bendición en medio de la tierra;",
  "25": "porque Jehová de los ejércitos los bendecirá diciendo: Bendito el pueblo mío Egipto, y el asirio obra de mis manos, e Israel mi heredad."
}