{
  "1": "Profecía sobre el desierto del mar. Como torbellino del Neguev, así viene del desierto, de la tierra horrenda.",
  "2": "Visión dura me ha sido mostrada. El prevaricador prevarica, y el destructor destruye. Sube, oh Elam; sitia, oh Media. Todo su gemido hice cesar.",
  "3": "Por tanto, mis lomos se han llenado de dolor; angustias se apoderaron de mí, como angustias de mujer de parto; me agobié oyendo, y al ver me he espantado.",
  "4": "Se pasmó mi corazón, el horror me ha intimidado; la noche de mi deseo se me volvió en espanto.",
  "5": "Ponen la mesa, extienden tapices; comen, beben.  ¡Levantaos, oh príncipes, ungid el escudo!",
  "6": "Porque el Señor me dijo así: Ve, pon centinela que haga saber lo que vea.",
  "7": "Y vio hombres montados, jinetes de dos en dos, montados sobre asnos, montados sobre camellos; y miró más atentamente,",
  "8": "y gritó como un león: Señor, sobre la atalaya estoy yo continuamente de día, y las noches enteras sobre mi guarda;",
  "9": "y he aquí vienen hombres montados, jinetes de dos en dos. Después habló y dijo: Cayó, cayó Babilonia; y todos los ídolos de sus dioses quebrantó en tierra.",
  "10": "Oh pueblo mío, trillado y aventado, os he dicho lo que oí de Jehová de los ejércitos, Dios de Israel.",
  "11": "Profecía sobre Duma. Me dan voces de Seir: Guarda,  ¿qué de la noche? Guarda,  ¿qué de la noche?",
  "12": "El guarda respondió: La mañana viene, y después la noche; preguntad si queréis, preguntad; volved, venid.",
  "13": "Profecía sobre Arabia. En el bosque pasaréis la noche en Arabia, oh caminantes de Dedán.",
  "14": "Salid a encontrar al sediento; llevadle agua, moradores de tierra de Tema, socorred con pan al que huye.",
  "15": "Porque ante la espada huye, ante la espada desnuda, ante el arco entesado, ante el peso de la batalla.",
  "16": "Porque así me ha dicho Jehová: De aquí a un año, semejante a años de jornalero, toda la gloria de Cedar será deshecha;",
  "17": "y los sobrevivientes del número de los valientes flecheros, hijos de Cedar, serán reducidos; porque Jehová Dios de Israel lo ha dicho."
}