{
  "1": "Mientras oraba Esdras y hacía confesión, llorando y postrándose delante de la casa de Dios, se juntó a él una muy grande multitud de Israel, hombres, mujeres y niños; y lloraba el pueblo amargamente.",
  "2": "Entonces respondió Secanías hijo de Jehiel, de los hijos de Elam, y dijo a Esdras: Nosotros hemos pecado contra nuestro Dios, pues tomamos mujeres extranjeras de los pueblos de la tierra; mas a pesar de esto, aún hay esperanza para Israel.",
  "3": "Ahora, pues, hagamos pacto con nuestro Dios, que despediremos a todas las mujeres y los nacidos de ellas, según el consejo de mi señor y de los que temen el mandamiento de nuestro Dios; y hágase conforme a la ley.",
  "4": "Levántate, porque esta es tu obligación, y nosotros estaremos contigo; esfuérzate, y pon mano a la obra.",
  "5": "Entonces se levantó Esdras y juramentó a los príncipes de los sacerdotes y de los levitas, y a todo Israel, que harían conforme a esto; y ellos juraron.",
  "6": "Se levantó luego Esdras de delante de la casa de Dios, y se fue a la cámara de Johanán hijo de Eliasib; e ido allá, no comió pan ni bebió agua, porque se entristeció a causa del pecado de los del cautiverio.",
  "7": "E hicieron pregonar en Judá y en Jerusalén que todos los hijos del cautiverio se reuniesen en Jerusalén;",
  "8": "y que el que no viniera dentro de tres días, conforme al acuerdo de los príncipes y de los ancianos, perdiese toda su hacienda, y el tal fuese excluido de la congregación de los del cautiverio.",
  "9": "Así todos los hombres de Judá y de Benjamín se reunieron en Jerusalén dentro de los tres días, a los veinte días del mes, que era el mes noveno; y se sentó todo el pueblo en la plaza de la casa de Dios, temblando con motivo de aquel asunto, y a causa de la lluvia.",
  "10": "Y se levantó el sacerdote Esdras y les dijo: Vosotros habéis pecado, por cuanto tomasteis mujeres extranjeras, añadiendo así sobre el pecado de Israel.",
  "11": "Ahora, pues, dad gloria a Jehová Dios de vuestros padres, y haced su voluntad, y apartaos de los pueblos de las tierras, y de las mujeres extranjeras.",
  "12": "Y respondió toda la asamblea, y dijeron en alta voz: Así se haga conforme a tu palabra.",
  "13": "Pero el pueblo es mucho, y el tiempo lluvioso, y no podemos estar en la calle; ni la obra es de un día ni de dos, porque somos muchos los que hemos pecado en esto.",
  "14": "Sean nuestros príncipes los que se queden en lugar de toda la congregación, y todos aquellos que en nuestras ciudades hayan tomado mujeres extranjeras, vengan en tiempos determinados, y con ellos los ancianos de cada ciudad, y los jueces de ellas, hasta que apartemos de nosotros el ardor de la ira de nuestro Dios sobre esto.",
  "15": "Solamente Jonatán hijo de Asael y Jahazías hijo de Ticva se opusieron a esto, y los levitas Mesulam y Sabetai les ayudaron.",
  "16": "Así hicieron los hijos del cautiverio. Y fueron apartados el sacerdote Esdras, y ciertos varones jefes de casas paternas según sus casas paternas; todos ellos por sus nombres se sentaron el primer día del mes décimo para inquirir sobre el asunto.",
  "17": "Y terminaron el juicio de todos aquellos que habían tomado mujeres extranjeras, el primer día del mes primero.",
  "18": "De los hijos de los sacerdotes que habían tomado mujeres extranjeras, fueron hallados estos: De los hijos de Jesúa hijo de Josadac, y de sus hermanos: Maasías, Eliezer, Jarib y Gedalías.",
  "19": "Y dieron su mano en promesa de que despedirían sus mujeres, y ofrecieron como ofrenda por su pecado un carnero de los rebaños por su delito.",
  "20": "De los hijos de Imer: Hanani y Zebadías.",
  "21": "De los hijos de Harim: Maasías, Elías, Semaías, Jehiel y Uzías.",
  "22": "De los hijos de Pasur: Elioenai, Maasías, Ismael, Natanael, Jozabad y Elasa.",
  "23": "De los hijos de los levitas: Jozabad, Simei, Kelaía (éste es Kelita), Petaías, Judá y Eliezer.",
  "24": "De los cantores: Eliasib; y de los porteros: Salum, Telem y Uri.",
  "25": "Asimismo de Israel: De los hijos de Paros: Ramía, Jezías, Malquías, Mijamín, Eleazar, Malquías y Benaía.",
  "26": "De los hijos de Elam: Matanías, Zacarías, Jehiel, Abdi, Jeremot y Elías.",
  "27": "De los hijos de Zatu: Elioenai, Eliasib, Matanías, Jeremot, Zabad y Aziza.",
  "28": "De los hijos de Bebai: Johanán, Hananías, Zabai y Atlai.",
  "29": "De los hijos de Bani: Mesulam, Maluc, Adaía, Jasub, Seal y Ramot.",
  "30": "De los hijos de Pahat-moab: Adna, Quelal, Benaía, Maasías, Matanías, Bezaleel, Binúi y Manasés.",
  "31": "De los hijos de Harim: Eliezer, Isías, Malquías, Semaías, Simeón,",
  "32": "Benjamín, Maluc y Semarías.",
  "33": "De los hijos de Hasum: Matenai, Matata, Zabad, Elifelet, Jeremai, Manasés y Simei.",
  "34": "De los hijos de Bani: Madai, Amram, Uel,",
  "35": "Benaía, Bedías, Quelúhi,",
  "36": "Vanías, Meremot, Eliasib,",
  "37": "Matanías, Matenai, Jaasai,",
  "38": "Bani, Binúi, Simei,",
  "39": "Selemías, Natán, Adaía,",
  "40": "Macnadebai, Sasai, Sarai,",
  "41": "Azareel, Selemías, Semarías,",
  "42": "Salum, Amarías y José.",
  "43": "Y de los hijos de Nebo: Jeiel, Matatías, Zabad, Zebina, Jadau, Joel y Benaía.",
  "44": "Todos estos habían tomado mujeres extranjeras; y había mujeres de ellos que habían dado a luz hijos."
}