{
  "1": "En el año decimoquinto del imperio de Tiberio César, siendo gobernador de Judea Poncio Pilato, y Herodes tetrarca de Galilea, y su hermano Felipe tetrarca de Iturea y de la provincia de Traconite, y Lisanias tetrarca de Abilinia,",
  "2": "y siendo sumos sacerdotes Anás y Caifás, vino palabra de Dios a Juan, hijo de Zacarías, en el desierto.",
  "3": "Y él fue por toda la región contigua al Jordán, predicando el bautismo de arrepentimiento para perdón de pecados;",
  "4": "como está escrito en el libro de las palabras del profeta Isaías, que dice: Voz del que clama en el desierto: Preparad el camino del Señor; Enderezad sus sendas.",
  "5": "Todo valle se rellenará, Y se bajará todo monte y collado; Los caminos torcidos serán enderezados, Y los caminos ásperos allanados;",
  "6": "Y verá toda carne la salvación de Dios.",
  "7": "Y decía a las multitudes que salían para ser bautizadas por él: ¡Oh generación de víboras! ¿Quién os enseñó a huir de la ira venidera?",
  "8": "Haced, pues, frutos dignos de arrepentimiento, y no comencéis a decir dentro de vosotros mismos: Tenemos a Abraham por padre; porque os digo que Dios puede levantar hijos a Abraham aun de estas piedras.",
  "9": "Y ya también el hacha está puesta a la raíz de los árboles; por tanto, todo árbol que no da buen fruto se corta y se echa en el fuego.",
  "10": "Y la gente le preguntaba, diciendo: Entonces, ¿qué haremos?",
  "11": "Y respondiendo, les dijo: El que tiene dos túnicas, dé al que no tiene; y el que tiene qué comer, haga lo mismo.",
  "12": "Vinieron también unos publicanos para ser bautizados, y le dijeron: Maestro, ¿qué haremos?",
  "13": "Él les dijo: No exijáis más de lo que os está ordenado.",
  "14": "También le preguntaron unos soldados, diciendo: Y nosotros, ¿qué haremos? Y les dijo: No hagáis extorsión a nadie, ni calumniéis; y contentaos con vuestro salario.",
  "15": "Como el pueblo estaba en expectativa, preguntándose todos en sus corazones si acaso Juan sería el Cristo,",
  "16": "respondió Juan, diciendo a todos: Yo a la verdad os bautizo en agua; pero viene uno más poderoso que yo, de quien no soy digno de desatar la correa de su calzado; él os bautizará en Espíritu Santo y fuego.",
  "17": "Su aventador está en su mano, y limpiará su era; y recogerá el trigo en su granero, y quemará la paja en fuego que nunca se apagará.",
  "18": "Con estas y otras muchas exhortaciones anunciaba las buenas nuevas al pueblo.",
  "19": "Entonces Herodes el tetrarca, siendo reprendido por Juan a causa de Herodías, mujer de Felipe su hermano, y de todas las maldades que Herodes había hecho,",
  "20": "sobre todas ellas, añadió además esta: encerró a Juan en la cárcel.",
  "21": "Aconteció que cuando todo el pueblo se bautizaba, también Jesús fue bautizado; y orando, el cielo se abrió,",
  "22": "y descendió el Espíritu Santo sobre él en forma corporal, como paloma, y vino una voz del cielo que decía: Tú eres mi Hijo amado; en ti tengo complacencia.",
  "23": "Jesús mismo al comenzar su ministerio era como de treinta años, hijo, según se creía, de José, hijo de Elí,",
  "24": "hijo de Matat, hijo de Leví, hijo de Melqui, hijo de Jana, hijo de José,",
  "25": "hijo de Matatías, hijo de Amós, hijo de Nahum, hijo de Esli, hijo de Nagai,",
  "26": "hijo de Maat, hijo de Matatías, hijo de Semei, hijo de Josec, hijo de Judá,",
  "27": "hijo de Joanán, hijo de Resa, hijo de Zorobabel, hijo de Salatiel, hijo de Neri,",
  "28": "hijo de Melqui, hijo de Adi, hijo de Cosam, hijo de Elmodam, hijo de Er,",
  "29": "hijo de Josué, hijo de Eliezer, hijo de Jorim, hijo de Matat, hijo de Leví,",
  "30": "hijo de Simeón, hijo de Judá, hijo de José, hijo de Jonán, hijo de Eliaquim,",
  "31": "hijo de Melea, hijo de Mainán, hijo de Matata, hijo de Natán, hijo de David,",
  "32": "hijo de Isaí, hijo de Obed, hijo de Booz, hijo de Salmón, hijo de Naasón,",
  "33": "hijo de Aminadab, hijo de Aram, hijo de Esrom, hijo de Fares, hijo de Judá,",
  "34": "hijo de Jacob, hijo de Isaac, hijo de Abraham, hijo de Taré, hijo de Nacor,",
  "35": "hijo de Serug, hijo de Ragau, hijo de Peleg, hijo de Heber, hijo de Sala,",
  "36": "hijo de Cainán, hijo de Arfaxad, hijo de Sem, hijo de Noé, hijo de Lamec,",
  "37": "hijo de Matusalén, hijo de Enoc, hijo de Jared, hijo de Mahalaleel, hijo de Cainán,",
  "38": "hijo de Enós, hijo de Set, hijo de Adán, hijo de Dios."
}