{
  "1": "Alabad a Jehová, invocad su nombre; Dad a conocer sus obras en los pueblos.",
  "2": "Cantadle, cantadle salmos; Hablad de todas sus maravillas.",
  "3": "Gloriaos en su santo nombre; Alégrese el corazón de los que buscan a Jehová.",
  "4": "Buscad a Jehová y su poder; Buscad siempre su rostro.",
  "5": "Acordaos de las maravillas que él ha hecho, De sus prodigios y de los juicios de su boca,",
  "6": "Oh vosotros, descendencia de Abraham su siervo, Hijos de Jacob, sus escogidos.",
  "7": "El es Jehová nuestro Dios; En toda la tierra están sus juicios.",
  "8": "Se acordó para siempre de su pacto; De la palabra que mandó para mil generaciones,",
  "9": "La cual concertó con Abraham, Y de su juramento a Isaac.",
  "10": "La estableció a Jacob por decreto, A Israel por pacto sempiterno,",
  "11": "Diciendo: A ti te daré la tierra de Canaán Como porción de vuestra heredad.",
  "12": "Cuando ellos eran pocos en número, Y forasteros en ella,",
  "13": "Y andaban de nación en nación, De un reino a otro pueblo,",
  "14": "No consintió que nadie los agraviase, Y por causa de ellos castigó a los reyes.",
  "15": "No toquéis, dijo, a mis ungidos, Ni hagáis mal a mis profetas.",
  "16": "Trajo hambre sobre la tierra, Y quebrantó todo sustento de pan.",
  "17": "Envió un varón delante de ellos; A José, que fue vendido por siervo.",
  "18": "Afligieron sus pies con grillos; En cárcel fue puesta su persona.",
  "19": "Hasta la hora que se cumplió su palabra, El dicho de Jehová le probó.",
  "20": "Envió el rey, y le soltó; El señor de los pueblos, y le dejó ir libre.",
  "21": "Lo puso por señor de su casa, Y por gobernador de todas sus posesiones,",
  "22": "Para que reprimiera a sus grandes como él quisiese, Y a sus ancianos enseñara sabiduría.",
  "23": "Después entró Israel en Egipto, Y Jacob moró en la tierra de Cam.",
  "24": "Y multiplicó su pueblo en gran manera, Y lo hizo más fuerte que sus enemigos.",
  "25": "Cambió el corazón de ellos para que aborreciesen a su pueblo, Para que contra sus siervos pensasen mal.",
  "26": "Envió a su siervo Moisés, Y a Aarón, al cual escogió.",
  "27": "Puso en ellos las palabras de sus señales, Y sus prodigios en la tierra de Cam.",
  "28": "Envió tinieblas que lo oscurecieron todo; No fueron rebeldes a su palabra.",
  "29": "Volvió sus aguas en sangre, Y mató sus peces.",
  "30": "Su tierra produjo ranas Hasta en las cámaras de sus reyes.",
  "31": "Habló, y vinieron enjambres de moscas, Y piojos en todos sus términos.",
  "32": "Les dio granizo por lluvia, Y llamas de fuego en su tierra.",
  "33": "Destrozó sus viñas y sus higueras, Y quebró los árboles de su territorio.",
  "34": "Habló, y vinieron langostas, Y pulgón sin número;",
  "35": "Y comieron toda la hierba de su país, Y devoraron el fruto de su tierra.",
  "36": "Hirió de muerte a todos los primogénitos en su tierra, Las primicias de toda su fuerza.",
  "37": "Los sacó con plata y oro; Y no hubo en sus tribus enfermo.",
  "38": "Egipto se alegró de que salieran, Porque su terror había caído sobre ellos.",
  "39": "Extendió una nube por cubierta, Y fuego para alumbrar la noche.",
  "40": "Pidieron, e hizo venir codornices; Y los sació de pan del cielo.",
  "41": "Abrió la peña, y fluyeron aguas; Corrieron por los sequedales como un río.",
  "42": "Porque se acordó de su santa palabra Dada a Abraham su siervo.",
  "43": "Sacó a su pueblo con gozo; Con júbilo a sus escogidos.",
  "44": "Les dio las tierras de las naciones, Y las labores de los pueblos heredaron;",
  "45": "Para que guardasen sus estatutos, Y cumpliesen sus leyes. Aleluya."
}