{
  "1": "Cuando salió Israel de Egipto, La casa de Jacob del pueblo extranjero,",
  "2": "Judá vino a ser su santuario, E Israel su señorío.",
  "3": "El mar lo vio, y huyó; El Jordán se volvió atrás.",
  "4": "Los montes saltaron como carneros, Los collados como corderitos.",
  "5": "¿Qué tuviste, oh mar, que huiste? ¿Y tú, oh Jordán, que te volviste atrás?",
  "6": "Oh montes, ¿por qué saltasteis como carneros, Y vosotros, collados, como corderitos?",
  "7": "A la presencia de Jehová tiembla la tierra, A la presencia del Dios de Jacob,",
  "8": "El cual cambió la peña en estanque de aguas, Y en fuente de aguas la roca."
}