{
  "1": "Alabad el nombre de Jehová; Alabadle, siervos de Jehová;",
  "2": "Los que estáis en la casa de Jehová, En los atrios de la casa de nuestro Dios.",
  "3": "Alabad a JAH, porque él es bueno; Cantad salmos a su nombre, porque él es benigno.",
  "4": "Porque JAH ha escogido a Jacob para sí, A Israel por posesión suya.",
  "5": "Porque yo sé que Jehová es grande, Y el Señor nuestro, mayor que todos los dioses.",
  "6": "Todo lo que Jehová quiere, lo hace, En los cielos y en la tierra, en los mares y en todos los abismos.",
  "7": "Hace subir las nubes de los extremos de la tierra; Hace los relámpagos para la lluvia; Saca de sus depósitos los vientos.",
  "8": "El es quien hizo morir a los primogénitos de Egipto, Desde el hombre hasta la bestia.",
  "9": "Envió señales y prodigios en medio de ti, oh Egipto, Contra Faraón, y contra todos sus siervos.",
  "10": "Destruyó a muchas naciones, Y mató a reyes poderosos;",
  "11": "A Sehón rey amorreo, A Og rey de Basán, Y a todos los reyes de Canaán.",
  "12": "Y dio la tierra de ellos en heredad, En heredad a Israel su pueblo.",
  "13": "Oh Jehová, eterno es tu nombre; Tu memoria, oh Jehová, de generación en generación.",
  "14": "Porque Jehová juzgará a su pueblo, Y se compadecerá de sus siervos.",
  "15": "Los ídolos de las naciones son plata y oro, Obra de manos de hombres.",
  "16": "Tienen boca, y no hablan; Tienen ojos, y no ven;",
  "17": "Tienen orejas, y no oyen; Tampoco hay aliento en sus bocas.",
  "18": "Semejantes a ellos son los que los hacen, Y todos los que en ellos confían.",
  "19": "Casa de Israel, bendecid a Jehová; Casa de Aarón, bendecid a Jehová;",
  "20": "Casa de Leví, bendecid a Jehová; Los que teméis a Jehová, bendecid a Jehová.",
  "21": "Desde Sion sea bendecido Jehová, Quien mora en Jerusalén. Aleluya."
}