{
  "1": "Con mi voz clamaré a Jehová; Con mi voz pediré a Jehová misericordia.",
  "2": "Delante de él expondré mi queja; Delante de él manifestaré mi angustia.",
  "3": "Cuando mi espíritu se angustiaba dentro de mí, tú conociste mi senda. En el camino en que andaba, me escondieron lazo.",
  "4": "Mira a mi diestra y observa, pues no hay quien me quiera conocer; No tengo refugio, ni hay quien cuide de mi vida.",
  "5": "Clamé a ti, oh Jehová; Dije: Tú eres mi esperanza, Y mi porción en la tierra de los vivientes.",
  "6": "Escucha mi clamor, porque estoy muy afligido. Líbrame de los que me persiguen, porque son más fuertes que yo.",
  "7": "Saca mi alma de la cárcel, para que alabe tu nombre; Me rodearán los justos, Porque tú me serás propicio."
}