{
  "1": "Jehová te oiga en el día de conflicto; El nombre del Dios de Jacob te defienda.",
  "2": "Te envíe ayuda desde el santuario, Y desde Sion te sostenga.",
  "3": "Haga memoria de todas tus ofrendas, Y acepte tu holocausto. Selah",
  "4": "Te dé conforme al deseo de tu corazón, Y cumpla todo tu consejo.",
  "5": "Nosotros nos alegraremos en tu salvación, Y alzaremos pendón en el nombre de nuestro Dios; Conceda Jehová todas tus peticiones.",
  "6": "Ahora conozco que Jehová salva a su ungido; Lo oirá desde sus santos cielos Con la potencia salvadora de su diestra.",
  "7": "Estos confían en carros, y aquéllos en caballos; Mas nosotros del nombre de Jehová nuestro Dios tendremos memoria.",
  "8": "Ellos flaquean y caen, Mas nosotros nos levantamos, y estamos en pie.",
  "9": "Salva, Jehová; Que el Rey nos oiga en el día que lo invoquemos."
}