{
  "1": "Júzgame, oh Jehová, porque yo en mi integridad he andado; He confiado asimismo en Jehová sin titubear.",
  "2": "Escudríñame, oh Jehová, y pruébame; Examina mis íntimos pensamientos y mi corazón.",
  "3": "Porque tu misericordia está delante de mis ojos, Y ando en tu verdad.",
  "4": "No me he sentado con hombres hipócritas, Ni entré con los que andan simuladamente.",
  "5": "Aborrecí la reunión de los malignos, Y con los impíos nunca me senté.",
  "6": "Lavaré en inocencia mis manos, Y así andaré alrededor de tu altar, oh Jehová,",
  "7": "Para exclamar con voz de acción de gracias, Y para contar todas tus maravillas.",
  "8": "Jehová, la habitación de tu casa he amado, Y el lugar de la morada de tu gloria.",
  "9": "No arrebates con los pecadores mi alma, Ni mi vida con hombres sanguinarios,",
  "10": "En cuyas manos está el mal, Y su diestra está llena de sobornos.",
  "11": "Mas yo andaré en mi integridad; Redímeme, y ten misericordia de mí.",
  "12": "Mi pie ha estado en rectitud; En las congregaciones bendeciré a Jehová."
}