{
  "1": "Cantad a Jehová cántico nuevo, Porque ha hecho maravillas; Su diestra lo ha salvado, y su santo brazo.",
  "2": "Jehová ha hecho notoria su salvación; A vista de las naciones ha descubierto su justicia.",
  "3": "Se ha acordado de su misericordia y de su verdad para con la casa de Israel; Todos los términos de la tierra han visto la salvación de nuestro Dios.",
  "4": "Cantad alegres a Jehová, toda la tierra; Levantad la voz, y aplaudid, y cantad salmos.",
  "5": "Cantad salmos a Jehová con arpa; Con arpa y voz de cántico.",
  "6": "Aclamad con trompetas y sonidos de bocina, Delante del rey Jehová.",
  "7": "Brame el mar y su plenitud, El mundo y los que en él habitan;",
  "8": "Los ríos batan las manos, Los montes todos hagan regocijo",
  "9": "Delante de Jehová, porque vino a juzgar la tierra. Juzgará al mundo con justicia, Y a los pueblos con rectitud."
}