{
  "1": "Jehová reina; temblarán los pueblos. El está sentado sobre los querubines, se conmoverá la tierra.",
  "2": "Jehová en Sion es grande, Y exaltado sobre todos los pueblos.",
  "3": "Alaben tu nombre grande y temible; El es santo.",
  "4": "Y la gloria del rey ama el juicio; Tú confirmas la rectitud; Tú has hecho en Jacob juicio y justicia.",
  "5": "Exaltad a Jehová nuestro Dios, Y postraos ante el estrado de sus pies; El es santo.",
  "6": "Moisés y Aarón entre sus sacerdotes, Y Samuel entre los que invocaron su nombre; Invocaban a Jehová, y él les respondía.",
  "7": "En columna de nube hablaba con ellos; Guardaban sus testimonios, y el estatuto que les había dado.",
  "8": "Jehová Dios nuestro, tú les respondías; Les fuiste un Dios perdonador, Y retribuidor de sus obras.",
  "9": "Exaltad a Jehová nuestro Dios, Y postraos ante su santo monte, Porque Jehová nuestro Dios es santo."
}