{
  "1": "Aconteció después de la muerte de Moisés siervo de Jehová, que Jehová habló a Josué hijo de Nun, servidor de Moisés, diciendo:",
  "2": "Mi siervo Moisés ha muerto; ahora, pues, levántate y pasa este Jordán, tú y todo este pueblo, a la tierra que yo les doy a los hijos de Israel.",
  "3": "Yo os he entregado, como lo había dicho a Moisés, todo lugar que pisare la planta de vuestro pie.",
  "4": "Desde el desierto y el Líbano hasta el gran río Eufrates, toda la tierra de los heteos hasta el gran mar donde se pone el sol, será vuestro territorio.",
  "5": "Nadie te podrá hacer frente en todos los días de tu vida; como estuve con Moisés, estaré contigo; no te dejaré, ni te desampararé.",
  "6": "Esfuérzate y sé valiente; porque tú repartirás a este pueblo por heredad la tierra de la cual juré a sus padres que la daría a ellos.",
  "7": "Solamente esfuérzate y sé muy valiente, para cuidar de hacer conforme a toda la ley que mi siervo Moisés te mandó; no te apartes de ella ni a diestra ni a siniestra, para que seas prosperado en todas las cosas que emprendas.",
  "8": "Nunca se apartará de tu boca este libro de la ley, sino que de día y de noche meditarás en él, para que guardes y hagas conforme a todo lo que en él está escrito; porque entonces harás prosperar tu camino, y todo te saldrá bien.",
  "9": "Mira que te mando que te esfuerces y seas valiente; no temas ni desmayes, porque Jehová tu Dios estará contigo en dondequiera que vayas.",
  "10": "Y Josué mandó a los oficiales del pueblo, diciendo:",
  "11": "Pasad por en medio del campamento y mandad al pueblo, diciendo: Preparaos comida, porque dentro de tres días pasaréis el Jordán para entrar a poseer la tierra que Jehová vuestro Dios os da en posesión.",
  "12": "También habló Josué a los rubenitas y gaditas y a la media tribu de Manasés, diciendo:",
  "13": "Acordaos de la palabra que Moisés, siervo de Jehová, os mandó diciendo: Jehová vuestro Dios os ha dado reposo, y os ha dado esta tierra.",
  "14": "Vuestras mujeres, vuestros niños y vuestros ganados quedarán en la tierra que Moisés os ha dado a este lado del Jordán; mas vosotros, todos los valientes y fuertes, pasaréis armados delante de vuestros hermanos, y les ayudaréis,",
  "15": "hasta tanto que Jehová haya dado reposo a vuestros hermanos como a vosotros, y que ellos también posean la tierra que Jehová vuestro Dios les da; y después volveréis vosotros a la tierra de vuestra herencia, la cual Moisés siervo de Jehová os ha dado, a este lado del Jordán hacia donde nace el sol; y entraréis en posesión de ella.",
  "16": "Entonces respondieron a Josué, diciendo: Nosotros haremos todas las cosas que nos has mandado, e iremos adondequiera que nos mandes.",
  "17": "De la manera que obedecimos a Moisés en todas las cosas, así te obedeceremos a ti; solamente que Jehová tu Dios esté contigo, como estuvo con Moisés.",
  "18": "Cualquiera que fuere rebelde a tu mandamiento, y no obedeciere a tus palabras en todas las cosas que le mandes, que muera; solamente que te esfuerces y seas valiente."
}