{
  "1": "Esto, pues, es lo que los hijos de Israel tomaron por heredad en la tierra de Canaán, lo cual les repartieron el sacerdote Eleazar, Josué hijo de Nun, y los cabezas de los padres de las tribus de los hijos de Israel.",
  "2": "Por suerte se les dio su heredad, como Jehová había mandado a Moisés que se diera a las nueve tribus y a la media tribu.",
  "3": "Porque a las dos tribus y a la media tribu les había dado Moisés heredad al otro lado del Jordán; mas a los levitas no les dio heredad entre ellos.",
  "4": "Porque los hijos de José fueron dos tribus, Manasés y Efraín; y no dieron parte a los levitas en la tierra sino ciudades en que morasen, con los ejidos de ellas para sus ganados y rebaños.",
  "5": "De la manera que Jehová lo había mandado a Moisés, así lo hicieron los hijos de Israel en el repartimiento de la tierra.",
  "6": "Y los hijos de Judá vinieron a Josué en Gilgal; y Caleb, hijo de Jefone cenezeo, le dijo: Tú sabes lo que Jehová dijo a Moisés, varón de Dios, en Cades-barnea, tocante a mí y a ti.",
  "7": "Yo era de edad de cuarenta años cuando Moisés siervo de Jehová me envió de Cades-barnea a reconocer la tierra; y yo le traje noticias como lo sentía en mi corazón.",
  "8": "Y mis hermanos, los que habían subido conmigo, hicieron desfallecer el corazón del pueblo; pero yo cumplí siguiendo a Jehová mi Dios.",
  "9": "Entonces Moisés juró diciendo: Ciertamente la tierra que holló tu pie será para ti, y para tus hijos en herencia perpetua, por cuanto cumpliste siguiendo a Jehová mi Dios.",
  "10": "Ahora bien, Jehová me ha hecho vivir, como él dijo, estos cuarenta y cinco años, desde el tiempo que Jehová habló estas palabras a Moisés, cuando Israel andaba por el desierto; y ahora, he aquí, hoy soy de edad de ochenta y cinco años.",
  "11": "Todavía estoy tan fuerte como el día que Moisés me envió; cual era mi fuerza entonces, tal es ahora mi fuerza para la guerra, y para salir y para entrar.",
  "12": "Dame, pues, ahora este monte, del cual habló Jehová aquel día; porque tú oíste en aquel día que los anaceos están allí, y que hay ciudades grandes y fortificadas. Quizá Jehová estará conmigo, y los echaré, como Jehová ha dicho.",
  "13": "Josué entonces le bendijo, y dio a Caleb hijo de Jefone a Hebrón por heredad.",
  "14": "Por tanto, Hebrón vino a ser heredad de Caleb hijo de Jefone cenezeo, hasta hoy, por cuanto había seguido cumplidamente a Jehová Dios de Israel.",
  "15": "Mas el nombre de Hebrón fue antes Quiriat-arba; porque Arba fue un hombre grande entre los anaceos. Y la tierra descansó de la guerra."
}