{
  "1": "Toda la congregación de los hijos de Israel se reunió en Silo, y erigieron allí el tabernáculo de reunión, después que la tierra les fue sometida.",
  "2": "Pero habían quedado de los hijos de Israel siete tribus a las cuales aún no habían repartido su posesión.",
  "3": "Y Josué dijo a los hijos de Israel: ¿Hasta cuándo seréis negligentes para venir a poseer la tierra que os ha dado Jehová el Dios de vuestros padres?",
  "4": "Señalad tres varones de cada tribu, para que yo los envíe, y que ellos se levanten y recorran la tierra, y la describan conforme a sus heredades, y vuelvan a mí.",
  "5": "Y la dividirán en siete partes; y Judá quedará en su territorio al sur, y los de la casa de José en el suyo al norte.",
  "6": "Vosotros, pues, delinearéis la tierra en siete partes, y me traeréis la descripción aquí, y yo os echaré suertes aquí delante de Jehová nuestro Dios.",
  "7": "Pero los levitas ninguna parte tienen entre vosotros, porque el sacerdocio de Jehová es la heredad de ellos; Gad también y Rubén, y la media tribu de Manasés, ya han recibido su heredad al otro lado del Jordán al oriente, la cual les dio Moisés siervo de Jehová.",
  "8": "Levantándose, pues, aquellos varones, fueron; y mandó Josué a los que iban para delinear la tierra, diciéndoles: Id, recorred la tierra y delineadla, y volved a mí, para que yo os eche suertes aquí delante de Jehová en Silo.",
  "9": "Fueron, pues, aquellos varones y recorrieron la tierra, delineándola por ciudades en siete partes en un libro, y volvieron a Josué al campamento en Silo.",
  "10": "Y Josué les echó suertes delante de Jehová en Silo; y allí repartió Josué la tierra a los hijos de Israel por sus porciones.",
  "11": "Y se sacó la suerte de la tribu de los hijos de Benjamín conforme a sus familias; y el territorio adjudicado a ella quedó entre los hijos de Judá y los hijos de José.",
  "12": "Fue el límite de ellos al lado del norte desde el Jordán, y sube hacia el lado de Jericó al norte; sube después al monte hacia el occidente, y viene a salir al desierto de Bet-avén.",
  "13": "De allí pasa en dirección de Luz, al lado sur de Luz (que es Bet-el), y desciende de Atarot-adar al monte que está al sur de Bet-horón la de abajo.",
  "14": "Y tuerce hacia el oeste por el lado sur del monte que está delante de Bet-horón al sur; y viene a salir a Quiriat-baal (que es Quiriat-jearim), ciudad de los hijos de Judá. Este es el lado del occidente.",
  "15": "El lado del sur es desde el extremo de Quiriat-jearim, y sale al occidente, a la fuente de las aguas de Neftoa;",
  "16": "y desciende este límite al extremo del monte que está delante del valle del hijo de Hinom, que está al norte en el valle de Refaim; desciende luego al valle de Hinom, al lado sur del jebuseo, y de allí desciende a la fuente de Rogel.",
  "17": "Luego se inclina hacia el norte y sale a En-semes, y de allí a Gelilot, que está delante de la subida de Adumín, y desciende a la piedra de Bohán hijo de Rubén,",
  "18": "y pasa al lado que está enfrente del Arabá, y desciende al Arabá.",
  "19": "Y pasa el límite al lado norte de Bet-hogla, y termina en la bahía norte del Mar Salado, a la extremidad sur del Jordán; este es el límite sur.",
  "20": "Y el Jordán era el límite al lado del oriente. Esta es la heredad de los hijos de Benjamín por sus límites alrededor, conforme a sus familias.",
  "21": "Las ciudades de la tribu de los hijos de Benjamín, por sus familias, fueron Jericó, Bet-hogla, el valle de Casis,",
  "22": "Bet-arabá, Zemaraim, Bet-el,",
  "23": "Avim, Pará, Ofra,",
  "24": "Quefar-haamoni, Ofni y Geba; doce ciudades con sus aldeas;",
  "25": "Gabaón, Ramá, Beerot,",
  "26": "Mizpa, Cafira, Mozah,",
  "27": "Requem, Irpeel, Tarala,",
  "28": "Zela, Elef, Jebús (que es Jerusalén), Gabaa y Quiriat; catorce ciudades con sus aldeas. Esta es la heredad de los hijos de Benjamín conforme a sus familias."
}